[{"id":"2f0a2b4e-d804-54a9-95af-fe21c1538b22","file_name":"male7","title":null,"size":10517,"type":"image/jpeg","url":"https://assets-us-01.kc-usercontent.com/53c7c06c-d108-00df-f62c-5338f11c4482/a13a262a-b11d-4d52-996f-278e279bd872/male7","image_width":240,"image_height":240,"file_reference":{"id":"a13a262a-b11d-4d52-996f-278e279bd872","type":"internal"},"descriptions":[{"language":{"id":"00000000-0000-0000-0000-000000000000"},"description":""},{"language":{"id":"478cf34f-a7c6-4e45-9537-0d13cfea7d5e"},"description":null}],"external_id":"668346435e974a2a0d4f106d1f248912ae8739965065f7b435dac26f3b7dba91","last_modified":"2019-04-25T19:58:59.0453058Z"},{"id":"36e2b9cb-aaa4-5bba-a876-52000259e39d","file_name":"female24","title":null,"size":9355,"type":"image/jpeg","url":"https://assets-us-01.kc-usercontent.com/53c7c06c-d108-00df-f62c-5338f11c4482/264ad346-da39-43a1-bc21-97f106b0ce2f/female24","image_width":240,"image_height":240,"file_reference":{"id":"264ad346-da39-43a1-bc21-97f106b0ce2f","type":"internal"},"descriptions":[{"language":{"id":"00000000-0000-0000-0000-000000000000"},"description":""},{"language":{"id":"478cf34f-a7c6-4e45-9537-0d13cfea7d5e"},"description":null}],"external_id":"60671c9fa182825a13103f691c1ba9f877676aa3a1228d809238b6629d753729","last_modified":"2019-04-25T19:58:50.8573999Z"},{"id":"49e6f274-8ab9-5969-87e9-f2e66940c419","file_name":"female2","title":null,"size":5772,"type":"image/jpeg","url":"https://assets-us-01.kc-usercontent.com/53c7c06c-d108-00df-f62c-5338f11c4482/9ad3be6b-fe7c-4c1b-9d13-05cc56fe3f6f/female2","image_width":240,"image_height":240,"file_reference":{"id":"9ad3be6b-fe7c-4c1b-9d13-05cc56fe3f6f","type":"internal"},"descriptions":[{"language":{"id":"00000000-0000-0000-0000-000000000000"},"description":""},{"language":{"id":"478cf34f-a7c6-4e45-9537-0d13cfea7d5e"},"description":null}],"external_id":"749141b8a1da11ab957d95a13ca5d73db76df9ecd5e3c9329acc03e9d32ba730","last_modified":"2019-04-25T19:58:43.4932699Z"},{"id":"6108defd-e975-5c04-8ea7-135ce15742be","file_name":"300","title":null,"size":25011,"type":"image/jpeg","url":"https://assets-us-01.kc-usercontent.com/53c7c06c-d108-00df-f62c-5338f11c4482/c0d20207-a9c9-4396-89d2-278b6c9557d8/300","image_width":500,"image_height":300,"file_reference":{"id":"c0d20207-a9c9-4396-89d2-278b6c9557d8","type":"internal"},"descriptions":[{"language":{"id":"00000000-0000-0000-0000-000000000000"},"description":""},{"language":{"id":"478cf34f-a7c6-4e45-9537-0d13cfea7d5e"},"description":null}],"external_id":"b6baa717d648b1faca6eb5b2b777befdd763a6f27bb1fe23a9c113753316ebb4","last_modified":"2019-04-25T19:59:05.8747383Z"},{"id":"6cddfce2-0c33-50e3-b833-e31d1ce6b6fd","file_name":"300","title":null,"size":19100,"type":"image/jpeg","url":"https://assets-us-01.kc-usercontent.com/53c7c06c-d108-00df-f62c-5338f11c4482/03e5e7ab-c88d-4032-ad98-4aef6d38890c/300","image_width":500,"image_height":300,"file_reference":{"id":"03e5e7ab-c88d-4032-ad98-4aef6d38890c","type":"internal"},"descriptions":[{"language":{"id":"00000000-0000-0000-0000-000000000000"},"description":""},{"language":{"id":"478cf34f-a7c6-4e45-9537-0d13cfea7d5e"},"description":null}],"external_id":"1c7d89ad35409c7a4683beb44c55652978a7297077e5854c55069e63386ee21b","last_modified":"2019-04-25T19:59:15.4851105Z"},{"id":"8a81404d-0d5f-503b-afe0-66bfb42e9f79","file_name":"female6","title":null,"size":6443,"type":"image/jpeg","url":"https://assets-us-01.kc-usercontent.com/53c7c06c-d108-00df-f62c-5338f11c4482/b88818fd-7df7-4c0e-a8b5-4161c5e000f6/female6","image_width":240,"image_height":240,"file_reference":{"id":"b88818fd-7df7-4c0e-a8b5-4161c5e000f6","type":"internal"},"descriptions":[{"language":{"id":"00000000-0000-0000-0000-000000000000"},"description":""},{"language":{"id":"478cf34f-a7c6-4e45-9537-0d13cfea7d5e"},"description":null}],"external_id":"4fe31fc1174629823acd4a589eb365c01d5e4a4788a7a1d34aca2f6491857f63","last_modified":"2019-04-25T19:58:54.9356897Z"},{"id":"a61d55a9-a369-5696-9554-a41312c99173","file_name":"300","title":null,"size":29573,"type":"image/jpeg","url":"https://assets-us-01.kc-usercontent.com/53c7c06c-d108-00df-f62c-5338f11c4482/6ebc63d1-6566-493f-8703-8284c75e6783/300","image_width":500,"image_height":300,"file_reference":{"id":"6ebc63d1-6566-493f-8703-8284c75e6783","type":"internal"},"descriptions":[{"language":{"id":"00000000-0000-0000-0000-000000000000"},"description":""},{"language":{"id":"478cf34f-a7c6-4e45-9537-0d13cfea7d5e"},"description":null}],"external_id":"4f5c379ab6ddb7fb4e5ca8b430dab89914f665108c5dbbc9dbedd9867906145a","last_modified":"2019-04-25T19:59:03.4371312Z"},{"id":"ba6bd7b6-3ed4-5a82-8a27-20ce0d1a8ad3","file_name":"300","title":null,"size":18443,"type":"image/jpeg","url":"https://assets-us-01.kc-usercontent.com/53c7c06c-d108-00df-f62c-5338f11c4482/4fe6f60d-692d-499f-b2cf-b898841c0edd/300","image_width":500,"image_height":300,"file_reference":{"id":"4fe6f60d-692d-499f-b2cf-b898841c0edd","type":"internal"},"descriptions":[{"language":{"id":"00000000-0000-0000-0000-000000000000"},"description":""},{"language":{"id":"478cf34f-a7c6-4e45-9537-0d13cfea7d5e"},"description":null}],"external_id":"3ba5ce2a672fe865555067797c5cd29ebeaf8bb8ad03d6d204b637849240f7a8","last_modified":"2019-04-25T19:59:08.2186434Z"},{"id":"d1e32e87-8703-5418-acfa-56358f05aff8","file_name":"300","title":null,"size":19197,"type":"image/jpeg","url":"https://assets-us-01.kc-usercontent.com/53c7c06c-d108-00df-f62c-5338f11c4482/42832abf-4148-496b-a7f3-df084500bb99/300","image_width":500,"image_height":300,"file_reference":{"id":"42832abf-4148-496b-a7f3-df084500bb99","type":"internal"},"descriptions":[{"language":{"id":"00000000-0000-0000-0000-000000000000"},"description":""},{"language":{"id":"478cf34f-a7c6-4e45-9537-0d13cfea7d5e"},"description":null}],"external_id":"79444afe4b057c53c2a41cd00c97df2725486f80d27c4caabceb6cf257cb116d","last_modified":"2019-04-25T19:59:12.7011288Z"},{"id":"d67ac91c-6140-57c7-be0a-c20cdab9c746","file_name":"300","title":null,"size":21026,"type":"image/jpeg","url":"https://assets-us-01.kc-usercontent.com/53c7c06c-d108-00df-f62c-5338f11c4482/4274807f-e01c-4d15-ab53-2b57501e5296/300","image_width":500,"image_height":300,"file_reference":{"id":"4274807f-e01c-4d15-ab53-2b57501e5296","type":"internal"},"descriptions":[{"language":{"id":"00000000-0000-0000-0000-000000000000"},"description":""},{"language":{"id":"478cf34f-a7c6-4e45-9537-0d13cfea7d5e"},"description":null}],"external_id":"e3c99271a454db5763dadeef1a36328049f921679022398ba18c3a59bd9a60c4","last_modified":"2019-04-25T19:59:10.3225925Z"},{"id":"fc9c5277-22c7-5c6d-8b5f-d279229332f1","file_name":"male6","title":null,"size":8459,"type":"image/jpeg","url":"https://assets-us-01.kc-usercontent.com/53c7c06c-d108-00df-f62c-5338f11c4482/6cbb2788-fa09-4806-9e4c-ca2037a6ac68/male6","image_width":240,"image_height":240,"file_reference":{"id":"6cbb2788-fa09-4806-9e4c-ca2037a6ac68","type":"internal"},"descriptions":[{"language":{"id":"00000000-0000-0000-0000-000000000000"},"description":""},{"language":{"id":"478cf34f-a7c6-4e45-9537-0d13cfea7d5e"},"description":null}],"external_id":"d2d252f5d8c543535461b1fa1b5993e1e938c7a07c54ae823cf7268ed86c6035","last_modified":"2019-04-25T19:58:47.5118637Z"}]