[{"id":"1e4ba4ab-b031-564a-a1d2-1f6e02be693a","name":"Aptent","codename":"aptent","type":{"id":"969bce02-d42e-4d73-8540-c185da1cb46d"},"sitemap_locations":[],"external_id":"8ddd207e1422d222620c70fa651fe58a362acd3a3b0aa6ff94004e093b90edb5","last_modified":"2019-04-25T19:59:06.1091486Z"},{"id":"22b63f24-988e-5451-9c1e-d46a28d842bd","name":"Matthew Hunter","codename":"matthew_hunter","type":{"id":"7001b3b9-d13e-4572-8ab0-2968dc833bc0"},"sitemap_locations":[],"external_id":"7bc32f6520b619884407ae92f4d1a692104ca069cc283f8e59de64aa1220a907","last_modified":"2019-04-25T19:58:59.592179Z"},{"id":"25aa88ae-f1ae-57b7-b1e9-16b82640f5c9","name":"Christopher Hopkins","codename":"christopher_hopkins","type":{"id":"7001b3b9-d13e-4572-8ab0-2968dc833bc0"},"sitemap_locations":[],"external_id":"d6518c40823824af2881f745b22b13e8dd1a9f12e81c2acc3a508b1c6522e380","last_modified":"2019-04-25T19:58:47.7618749Z"},{"id":"2bf05f46-3420-5045-910f-13cdb011bcde","name":"Tempor Luctus Imperdiet Massa Id Et","codename":"tempor_luctus_imperdiet_massa_id_et","type":{"id":"969bce02-d42e-4d73-8540-c185da1cb46d"},"sitemap_locations":[],"external_id":"3b2a91c70b7b8481943f635a88a912861bf4b76f4eca7d7cda93a901f9d2a1ea","last_modified":"2019-04-25T19:59:15.7038384Z"},{"id":"40d8ca55-5ec9-5f63-b723-1a9a3ed966db","name":"A Habitant Pharetra Phasellus Urna Facilisis","codename":"a_habitant_pharetra_phasellus_urna_facilisis","type":{"id":"969bce02-d42e-4d73-8540-c185da1cb46d"},"sitemap_locations":[],"external_id":"369ffc16852e3246ceaa84f2cf0e2eaddab4e9448cdf91b471d2ec9e2b9c6089","last_modified":"2019-04-25T19:59:03.9683829Z"},{"id":"4e99115a-426b-55b6-9113-90840f7afd13","name":"Emily Black","codename":"emily_black","type":{"id":"7001b3b9-d13e-4572-8ab0-2968dc833bc0"},"sitemap_locations":[],"external_id":"da15c7f40f4c5c39d8fedce3b183fa2639dd9716b23bdbcf9fe2499916ebd6a2","last_modified":"2019-04-25T19:58:51.3730682Z"},{"id":"717b98cf-af4f-5c42-9b6e-83a60f5b4a7f","name":"Lauren Wade","codename":"lauren_wade","type":{"id":"7001b3b9-d13e-4572-8ab0-2968dc833bc0"},"sitemap_locations":[],"external_id":"241565f644478430e9b3cc78d7b0bb41eb176120454793cdc446f95c65f85c5b","last_modified":"2019-04-25T19:58:55.4357497Z"},{"id":"ab4a77a4-7666-5e3f-b969-a1df7fa25dcf","name":"Parturient Convallis Nisi Rhoncus Urna","codename":"parturient_convallis_nisi_rhoncus_urna","type":{"id":"969bce02-d42e-4d73-8540-c185da1cb46d"},"sitemap_locations":[],"external_id":"8c3786d32c02f4159a5d849eb1df1c9ecd60c28e34f1b8d2fd083380a8d0acf9","last_modified":"2019-04-25T19:59:13.2324084Z"},{"id":"b4d49410-5906-5d5f-a461-93a464426a38","name":"Catherine Munoz","codename":"catherine_munoz","type":{"id":"7001b3b9-d13e-4572-8ab0-2968dc833bc0"},"sitemap_locations":[],"external_id":"929494f072e0a81ecb29946b0c9bfe9add22f9876178dd309d21defec546c83c","last_modified":"2019-04-25T19:58:44.0563584Z"},{"id":"ba2b84cd-8e96-523a-9c6d-8e538a6cdcb9","name":"About us","codename":"about_us","type":{"id":"2da44c96-71b1-4927-8d3a-af54e89294fe"},"sitemap_locations":[],"external_id":"b4b580a9ad8c344fbfad26db08c76c22171cdf481ed3f7871b65bc2f5cc82dea","last_modified":"2019-04-25T19:59:00.8578675Z"},{"id":"d3e5d8bf-b5e6-57b7-b640-0c67bb5eda9a","name":"Facilisi","codename":"facilisi","type":{"id":"969bce02-d42e-4d73-8540-c185da1cb46d"},"sitemap_locations":[],"external_id":"a05e0fa61113839718e595174c416ef55622c47a087d04e54288dd9f6b13202e","last_modified":"2019-04-25T19:59:08.4842329Z"},{"id":"da1d79a3-e886-5ba4-80f7-0faed389864f","name":"Etiam vel placerat eros","codename":"etiam_vel_placerat_eros","type":{"id":"969bce02-d42e-4d73-8540-c185da1cb46d"},"sitemap_locations":[],"external_id":"5caa408ceac4e8a0b126798f139659f4c38ffcfb67fb0c05601d622dc5b308a2","last_modified":"2019-05-27T10:54:37.9068313Z"}]