[{"id":"7001b3b9-d13e-4572-8ab0-2968dc833bc0","codename":"author","last_modified":"2019-05-24T14:50:28.6904604Z","name":"Author","content_groups":[],"elements":[{"maximum_text_length":null,"name":"Name","guidelines":null,"is_required":false,"type":"text","external_id":"author_name","id":"fbc9036b-d21e-54f3-9efb-2aca2ec1675d","codename":"name"},{"depends_on":{"element":{"id":"fbc9036b-d21e-54f3-9efb-2aca2ec1675d"}},"name":"Slug","guidelines":null,"is_required":false,"type":"url_slug","id":"99bda02a-6e42-40f2-a92f-9267cfcd8d72","codename":"slug"},{"asset_count_limit":null,"maximum_file_size":null,"allowed_file_types":"any","image_width_limit":null,"image_height_limit":null,"name":"Avatar","guidelines":null,"is_required":false,"type":"asset","id":"c7fe9a74-db31-4b50-9c40-6db86529f6d3","codename":"avatar"},{"maximum_text_length":null,"name":"Location","guidelines":null,"is_required":false,"type":"text","id":"eb2d586a-8932-490f-af34-ae7faa87eb44","codename":"location"},{"name":"Date of birth","guidelines":null,"is_required":false,"type":"date_time","id":"802ce628-e41c-4209-b12e-144de9fc220f","codename":"date_of_birth"},{"maximum_text_length":null,"name":"About","guidelines":null,"is_required":false,"type":"text","id":"82252c55-47c0-4803-8fbd-22af7e9898fa","codename":"about"},{"guidelines":null,"taxonomy_group":{"id":"37dae20f-38b5-49d3-8ae4-3f0346df8e81"},"is_required":false,"type":"taxonomy","id":"5630362f-5451-42fb-928e-f00240da2118","codename":"site_content"}]},{"id":"2da44c96-71b1-4927-8d3a-af54e89294fe","codename":"page","last_modified":"2019-05-24T14:51:12.2666379Z","name":"Page","content_groups":[],"elements":[{"maximum_text_length":null,"name":"Title","guidelines":null,"is_required":false,"type":"text","external_id":"page_title","id":"1d0b2a5f-f5d8-5cf3-a5c7-62771f5199b7","codename":"title"},{"depends_on":{"element":{"id":"1d0b2a5f-f5d8-5cf3-a5c7-62771f5199b7"}},"name":"Slug","guidelines":null,"is_required":false,"type":"url_slug","id":"c3c8cf0c-5436-4c73-a931-7684e328357a","codename":"slug"},{"maximum_text_length":null,"maximum_image_size":null,"allowed_content_types":[],"image_width_limit":null,"image_height_limit":null,"allowed_image_types":"any","allowed_blocks":[],"allowed_formatting":[],"allowed_text_blocks":[],"allowed_table_blocks":["text"],"allowed_table_formatting":[],"allowed_table_text_blocks":["paragraph"],"name":"Content","guidelines":null,"is_required":false,"type":"rich_text","id":"120cb723-57eb-4747-b207-015996f8c203","codename":"content"},{"guidelines":null,"taxonomy_group":{"id":"37dae20f-38b5-49d3-8ae4-3f0346df8e81"},"is_required":false,"type":"taxonomy","id":"4fb06fbc-5110-4de1-9a7d-12ce61ce13e0","codename":"site_content"}]},{"id":"969bce02-d42e-4d73-8540-c185da1cb46d","codename":"blog_post","last_modified":"2019-05-27T11:04:20.4842266Z","name":"Blog Post","content_groups":[],"elements":[{"maximum_text_length":null,"name":"Title","guidelines":null,"is_required":false,"type":"text","external_id":"post_title","id":"bb0d9ccb-b904-5680-89b9-1c1048c99154","codename":"title"},{"depends_on":{"element":{"id":"bb0d9ccb-b904-5680-89b9-1c1048c99154"}},"name":"Slug","guidelines":null,"is_required":false,"type":"url_slug","id":"c0585e91-ec8d-49e1-b05b-b3df82fa1035","codename":"slug"},{"name":"Published","guidelines":null,"is_required":false,"type":"date_time","id":"d2b02939-234e-49e6-a65c-5b33dff560a7","codename":"published"},{"asset_count_limit":null,"maximum_file_size":null,"allowed_file_types":"any","image_width_limit":null,"image_height_limit":null,"name":"Thumbnail","guidelines":null,"is_required":false,"type":"asset","id":"d25ee3cf-8a52-4648-9af4-ed0cbe5fe687","codename":"thumbnail"},{"item_count_limit":null,"allowed_content_types":[{"id":"7001b3b9-d13e-4572-8ab0-2968dc833bc0"}],"name":"Authors","guidelines":null,"is_required":false,"type":"modular_content","id":"4a718c30-683f-45f2-ae76-74c908875da3","codename":"authors"},{"maximum_text_length":null,"maximum_image_size":null,"allowed_content_types":[],"image_width_limit":null,"image_height_limit":null,"allowed_image_types":"any","allowed_blocks":[],"allowed_formatting":[],"allowed_text_blocks":[],"allowed_table_blocks":["text"],"allowed_table_formatting":[],"allowed_table_text_blocks":["paragraph"],"name":"Content","guidelines":null,"is_required":false,"type":"rich_text","id":"1c397bb6-11f3-4b25-aad4-fcf45dd6ee77","codename":"content"},{"maximum_text_length":null,"name":"Short description","guidelines":null,"is_required":true,"type":"text","id":"b84d43bf-5eda-40ba-9f21-7a5242252ed3","codename":"short_description"},{"guidelines":null,"taxonomy_group":{"id":"9b8ce016-d965-4229-9890-2a5b1d5352e3"},"is_required":false,"type":"taxonomy","id":"704de0f5-9e78-4dc5-af1b-644b1dffe3c1","codename":"post_categories"},{"guidelines":null,"taxonomy_group":{"id":"26cc421d-3009-431b-8b93-ec79d2d332ce"},"is_required":false,"type":"taxonomy","id":"927d27eb-77bb-4a30-9cce-8ef44df31918","codename":"post_tags"},{"guidelines":null,"taxonomy_group":{"id":"37dae20f-38b5-49d3-8ae4-3f0346df8e81"},"is_required":false,"type":"taxonomy","id":"b71f79b8-bda1-431c-bacf-d8e3a051fc40","codename":"site_content"}]}]