[{"elements":[{"element":{"id":"fbc9036b-d21e-54f3-9efb-2aca2ec1675d"},"value":"Matthew Hunter"},{"mode":"autogenerated","element":{"id":"99bda02a-6e42-40f2-a92f-9267cfcd8d72"},"value":"matthew-hunter"},{"element":{"id":"c7fe9a74-db31-4b50-9c40-6db86529f6d3"},"value":[{"id":"2f0a2b4e-d804-54a9-95af-fe21c1538b22"}]},{"element":{"id":"eb2d586a-8932-490f-af34-ae7faa87eb44"},"value":"Pampa, Texas(TX)"},{"element":{"id":"802ce628-e41c-4209-b12e-144de9fc220f"},"value":"1995-02-24T00:00:00Z"},{"element":{"id":"82252c55-47c0-4803-8fbd-22af7e9898fa"},"value":"Unapologetic communicator. Travel geek. Food practitioner. Coffee maven. Avid internet specialist. Music nerd."},{"element":{"id":"5630362f-5451-42fb-928e-f00240da2118"},"value":[{"id":"04e4186f-3f22-4635-abaf-fb00b7d315f6"}]}],"workflow_step":{"id":"c199950d-99f0-4983-b711-6c4c91624b22"},"item":{"id":"22b63f24-988e-5451-9c1e-d46a28d842bd"},"language":{"id":"00000000-0000-0000-0000-000000000000"},"last_modified":"2019-05-24T14:52:59.8759999Z"},{"elements":[{"element":{"id":"fbc9036b-d21e-54f3-9efb-2aca2ec1675d"},"value":"Christopher Hopkins"},{"mode":"autogenerated","element":{"id":"99bda02a-6e42-40f2-a92f-9267cfcd8d72"},"value":"christopher-hopkins"},{"element":{"id":"c7fe9a74-db31-4b50-9c40-6db86529f6d3"},"value":[{"id":"fc9c5277-22c7-5c6d-8b5f-d279229332f1"}]},{"element":{"id":"eb2d586a-8932-490f-af34-ae7faa87eb44"},"value":"San Jose, California(CA)"},{"element":{"id":"802ce628-e41c-4209-b12e-144de9fc220f"},"value":"1993-06-07T00:00:00Z"},{"element":{"id":"82252c55-47c0-4803-8fbd-22af7e9898fa"},"value":"Coffee nerd. Extreme foodaholic. Beer evangelist. Alcohol lover. Incurable social media ninja."},{"element":{"id":"5630362f-5451-42fb-928e-f00240da2118"},"value":[{"id":"04e4186f-3f22-4635-abaf-fb00b7d315f6"}]}],"workflow_step":{"id":"c199950d-99f0-4983-b711-6c4c91624b22"},"item":{"id":"25aa88ae-f1ae-57b7-b1e9-16b82640f5c9"},"language":{"id":"00000000-0000-0000-0000-000000000000"},"last_modified":"2019-05-24T14:52:32.5564156Z"},{"elements":[{"element":{"id":"fbc9036b-d21e-54f3-9efb-2aca2ec1675d"},"value":"Emily Black"},{"mode":"autogenerated","element":{"id":"99bda02a-6e42-40f2-a92f-9267cfcd8d72"},"value":"emily-black"},{"element":{"id":"c7fe9a74-db31-4b50-9c40-6db86529f6d3"},"value":[{"id":"36e2b9cb-aaa4-5bba-a876-52000259e39d"}]},{"element":{"id":"eb2d586a-8932-490f-af34-ae7faa87eb44"},"value":"Phoenix, Arizona(AZ)"},{"element":{"id":"802ce628-e41c-4209-b12e-144de9fc220f"},"value":"1996-02-14T00:00:00Z"},{"element":{"id":"82252c55-47c0-4803-8fbd-22af7e9898fa"},"value":"Twitter evangelist. Music trailblazer. Reader. Subtly charming explorer."},{"element":{"id":"5630362f-5451-42fb-928e-f00240da2118"},"value":[{"id":"04e4186f-3f22-4635-abaf-fb00b7d315f6"}]}],"workflow_step":{"id":"c199950d-99f0-4983-b711-6c4c91624b22"},"item":{"id":"4e99115a-426b-55b6-9113-90840f7afd13"},"language":{"id":"00000000-0000-0000-0000-000000000000"},"last_modified":"2019-05-24T14:52:40.4161941Z"},{"elements":[{"element":{"id":"fbc9036b-d21e-54f3-9efb-2aca2ec1675d"},"value":"Lauren Wade"},{"mode":"autogenerated","element":{"id":"99bda02a-6e42-40f2-a92f-9267cfcd8d72"},"value":"lauren-wade"},{"element":{"id":"c7fe9a74-db31-4b50-9c40-6db86529f6d3"},"value":[{"id":"8a81404d-0d5f-503b-afe0-66bfb42e9f79"}]},{"element":{"id":"eb2d586a-8932-490f-af34-ae7faa87eb44"},"value":"Chicago, Illinois(IL)"},{"element":{"id":"802ce628-e41c-4209-b12e-144de9fc220f"},"value":"1993-08-28T00:00:00Z"},{"element":{"id":"82252c55-47c0-4803-8fbd-22af7e9898fa"},"value":"Bacon enthusiast. Music advocate. Beer expert. Incurable food fan. Avid introvert. Freelance entrepreneur. Explorer."},{"element":{"id":"5630362f-5451-42fb-928e-f00240da2118"},"value":[{"id":"04e4186f-3f22-4635-abaf-fb00b7d315f6"}]}],"workflow_step":{"id":"c199950d-99f0-4983-b711-6c4c91624b22"},"item":{"id":"717b98cf-af4f-5c42-9b6e-83a60f5b4a7f"},"language":{"id":"00000000-0000-0000-0000-000000000000"},"last_modified":"2019-05-24T14:52:53.8128455Z"},{"elements":[{"element":{"id":"fbc9036b-d21e-54f3-9efb-2aca2ec1675d"},"value":"Catherine Munoz"},{"mode":"autogenerated","element":{"id":"99bda02a-6e42-40f2-a92f-9267cfcd8d72"},"value":"catherine-munoz"},{"element":{"id":"c7fe9a74-db31-4b50-9c40-6db86529f6d3"},"value":[{"id":"49e6f274-8ab9-5969-87e9-f2e66940c419"}]},{"element":{"id":"eb2d586a-8932-490f-af34-ae7faa87eb44"},"value":"Glen Elder, Kansas(KS)"},{"element":{"id":"802ce628-e41c-4209-b12e-144de9fc220f"},"value":"1991-10-28T00:00:00Z"},{"element":{"id":"82252c55-47c0-4803-8fbd-22af7e9898fa"},"value":"Hipster-friendly alcohol lover. Extreme internet advocate. Web geek. Incurable food nerd. Freelance introvert."},{"element":{"id":"5630362f-5451-42fb-928e-f00240da2118"},"value":[{"id":"04e4186f-3f22-4635-abaf-fb00b7d315f6"}]}],"workflow_step":{"id":"c199950d-99f0-4983-b711-6c4c91624b22"},"item":{"id":"b4d49410-5906-5d5f-a461-93a464426a38"},"language":{"id":"00000000-0000-0000-0000-000000000000"},"last_modified":"2019-05-24T14:52:24.8802663Z"},{"elements":[{"element":{"id":"fbc9036b-d21e-54f3-9efb-2aca2ec1675d"},"value":"Catherine Munoz"},{"mode":"autogenerated","element":{"id":"99bda02a-6e42-40f2-a92f-9267cfcd8d72"},"value":"catherine-munoz"},{"element":{"id":"c7fe9a74-db31-4b50-9c40-6db86529f6d3"},"value":[{"id":"49e6f274-8ab9-5969-87e9-f2e66940c419"}]},{"element":{"id":"eb2d586a-8932-490f-af34-ae7faa87eb44"},"value":"Glen Elder, Kansas(KS)"},{"element":{"id":"802ce628-e41c-4209-b12e-144de9fc220f"},"value":"1991-10-28T00:00:00Z"},{"element":{"id":"82252c55-47c0-4803-8fbd-22af7e9898fa"},"value":"Beer guru. Hardcore alcohol geek. Friendly internet junkie. Devoted twitter ninja. Extreme travel scholar."},{"element":{"id":"5630362f-5451-42fb-928e-f00240da2118"},"value":[{"id":"04e4186f-3f22-4635-abaf-fb00b7d315f6"}]}],"workflow_step":{"id":"c199950d-99f0-4983-b711-6c4c91624b22"},"item":{"id":"b4d49410-5906-5d5f-a461-93a464426a38"},"language":{"id":"478cf34f-a7c6-4e45-9537-0d13cfea7d5e"},"last_modified":"2019-06-03T07:38:32.5050431Z"},{"elements":[{"element":{"id":"fbc9036b-d21e-54f3-9efb-2aca2ec1675d"},"value":"Christopher Hopkins"},{"mode":"autogenerated","element":{"id":"99bda02a-6e42-40f2-a92f-9267cfcd8d72"},"value":"christopher-hopkins"},{"element":{"id":"c7fe9a74-db31-4b50-9c40-6db86529f6d3"},"value":[{"id":"fc9c5277-22c7-5c6d-8b5f-d279229332f1"}]},{"element":{"id":"eb2d586a-8932-490f-af34-ae7faa87eb44"},"value":"San Jose, California(CA)"},{"element":{"id":"802ce628-e41c-4209-b12e-144de9fc220f"},"value":"1993-06-07T00:00:00Z"},{"element":{"id":"82252c55-47c0-4803-8fbd-22af7e9898fa"},"value":"Bacon maven. Beer trailblazer. Passionate problem solver. Internet advocate. Pop culture lover."},{"element":{"id":"5630362f-5451-42fb-928e-f00240da2118"},"value":[{"id":"04e4186f-3f22-4635-abaf-fb00b7d315f6"}]}],"workflow_step":{"id":"c199950d-99f0-4983-b711-6c4c91624b22"},"item":{"id":"25aa88ae-f1ae-57b7-b1e9-16b82640f5c9"},"language":{"id":"478cf34f-a7c6-4e45-9537-0d13cfea7d5e"},"last_modified":"2019-06-03T07:38:45.7727321Z"},{"elements":[{"element":{"id":"fbc9036b-d21e-54f3-9efb-2aca2ec1675d"},"value":"Emily Black"},{"mode":"autogenerated","element":{"id":"99bda02a-6e42-40f2-a92f-9267cfcd8d72"},"value":"emily-black"},{"element":{"id":"c7fe9a74-db31-4b50-9c40-6db86529f6d3"},"value":[{"id":"36e2b9cb-aaa4-5bba-a876-52000259e39d"}]},{"element":{"id":"eb2d586a-8932-490f-af34-ae7faa87eb44"},"value":"Phoenix, Arizona(AZ)"},{"element":{"id":"802ce628-e41c-4209-b12e-144de9fc220f"},"value":"1996-02-14T00:00:00Z"},{"element":{"id":"82252c55-47c0-4803-8fbd-22af7e9898fa"},"value":"Alcohol advocate. Social media maven. Subtly charming tv junkie. Pop culture specialist."},{"element":{"id":"5630362f-5451-42fb-928e-f00240da2118"},"value":[{"id":"04e4186f-3f22-4635-abaf-fb00b7d315f6"}]}],"workflow_step":{"id":"c199950d-99f0-4983-b711-6c4c91624b22"},"item":{"id":"4e99115a-426b-55b6-9113-90840f7afd13"},"language":{"id":"478cf34f-a7c6-4e45-9537-0d13cfea7d5e"},"last_modified":"2019-06-03T07:39:04.2223876Z"},{"elements":[{"element":{"id":"fbc9036b-d21e-54f3-9efb-2aca2ec1675d"},"value":"Lauren Wade"},{"mode":"autogenerated","element":{"id":"99bda02a-6e42-40f2-a92f-9267cfcd8d72"},"value":"lauren-wade"},{"element":{"id":"c7fe9a74-db31-4b50-9c40-6db86529f6d3"},"value":[{"id":"8a81404d-0d5f-503b-afe0-66bfb42e9f79"}]},{"element":{"id":"eb2d586a-8932-490f-af34-ae7faa87eb44"},"value":"Chicago, Illinois(IL)"},{"element":{"id":"802ce628-e41c-4209-b12e-144de9fc220f"},"value":"1993-08-28T00:00:00Z"},{"element":{"id":"82252c55-47c0-4803-8fbd-22af7e9898fa"},"value":"Creator. Proud coffee specialist. Passionate alcohol ninja. Hardcore beer guru. Bacon enthusiast. Lifelong entrepreneur."},{"element":{"id":"5630362f-5451-42fb-928e-f00240da2118"},"value":[{"id":"04e4186f-3f22-4635-abaf-fb00b7d315f6"}]}],"workflow_step":{"id":"c199950d-99f0-4983-b711-6c4c91624b22"},"item":{"id":"717b98cf-af4f-5c42-9b6e-83a60f5b4a7f"},"language":{"id":"478cf34f-a7c6-4e45-9537-0d13cfea7d5e"},"last_modified":"2019-06-03T07:39:14.0648401Z"},{"elements":[{"element":{"id":"fbc9036b-d21e-54f3-9efb-2aca2ec1675d"},"value":"Matthew Hunter"},{"mode":"autogenerated","element":{"id":"99bda02a-6e42-40f2-a92f-9267cfcd8d72"},"value":"matthew-hunter"},{"element":{"id":"c7fe9a74-db31-4b50-9c40-6db86529f6d3"},"value":[{"id":"2f0a2b4e-d804-54a9-95af-fe21c1538b22"}]},{"element":{"id":"eb2d586a-8932-490f-af34-ae7faa87eb44"},"value":"Pampa, Texas(TX)"},{"element":{"id":"802ce628-e41c-4209-b12e-144de9fc220f"},"value":"1995-02-24T00:00:00Z"},{"element":{"id":"82252c55-47c0-4803-8fbd-22af7e9898fa"},"value":"Pop culture specialist. Explorer. Travel evangelist. Friendly internet guru. Alcohol fanatic. Tv fan. Musicaholic. Twitter practitioner."},{"element":{"id":"5630362f-5451-42fb-928e-f00240da2118"},"value":[{"id":"04e4186f-3f22-4635-abaf-fb00b7d315f6"}]}],"workflow_step":{"id":"c199950d-99f0-4983-b711-6c4c91624b22"},"item":{"id":"22b63f24-988e-5451-9c1e-d46a28d842bd"},"language":{"id":"478cf34f-a7c6-4e45-9537-0d13cfea7d5e"},"last_modified":"2019-06-03T07:39:25.6886996Z"},{"elements":[{"element":{"id":"1d0b2a5f-f5d8-5cf3-a5c7-62771f5199b7"},"value":"About us"},{"mode":"autogenerated","element":{"id":"c3c8cf0c-5436-4c73-a931-7684e328357a"},"value":"about-us"},{"components":[],"element":{"id":"120cb723-57eb-4747-b207-015996f8c203"},"value":"<h2>Etiam Lacinia Pede</h2>\n<h3>Nam Natoque</h3>\n<p><strong>Ridiculus</strong> sociis <em>euismod</em> magnis habitasse nibh <em>scelerisque</em> cubilia dolor natoque dolor semper porta aliquet tellus <strong>purus</strong> ullamcorper aliquet quam eget proin est faucibus ridiculus. Facilisi at, aliquam tincidunt.</p>\n<p>Felis amet curabitur tellus tristique maecenas morbi porta pretium sem ante a iaculis. <em>A</em> <strong>tortor</strong> nonummy nibh bibendum egestas dolor sagittis condimentum sagittis ridiculus tincidunt sed accumsan dapibus tortor Donec velit laoreet diam <em>purus</em> dignissim congue auctor, inceptos.</p>\n<h3>Nam Dis Suscipit Ultricies Sociis</h3>\n<p>Nam. Erat laoreet sagittis. <strong>Vehicula</strong> non arcu sodales enim non convallis ultrices semper fringilla platea Pulvinar justo tristique mi ligula commodo sociosqu cum bibendum arcu posuere proin mi ipsum mollis fusce vestibulum Nunc. Diam.</p>"},{"element":{"id":"4fb06fbc-5110-4de1-9a7d-12ce61ce13e0"},"value":[]}],"workflow_step":{"id":"c199950d-99f0-4983-b711-6c4c91624b22"},"item":{"id":"ba2b84cd-8e96-523a-9c6d-8e538a6cdcb9"},"language":{"id":"00000000-0000-0000-0000-000000000000"},"last_modified":"2019-05-25T12:07:33.0772073Z"},{"elements":[{"element":{"id":"1d0b2a5f-f5d8-5cf3-a5c7-62771f5199b7"},"value":"About us"},{"mode":"autogenerated","element":{"id":"c3c8cf0c-5436-4c73-a931-7684e328357a"},"value":"about-us"},{"components":[],"element":{"id":"120cb723-57eb-4747-b207-015996f8c203"},"value":"<h2>Platea Velit Tellus Lacinia Facilisi</h2>\n<p>Praesent volutpat integer interdum quam congue nisi tortor suscipit porttitor luctus curabitur praesent vitae non <em>magnis</em> dis praesent egestas nunc habitant. Dolor tristique natoque pulvinar <em>venenatis</em> per.</p>\n<h3>Ante Euismod Consequat Orci Pretium Inceptos Fermentum</h3>\n<p>Nunc, lacus nisl gravida dis suscipit maecenas elementum hymenaeos inceptos nec <em>hac</em> praesent sagittis litora faucibus proin lectus sodales Accumsan tincidunt aenean lectus proin aliquam est pede dui magnis praesent suscipit congue venenatis.</p>\n<h3>Posuere Cubilia Varius Nisl Lacus Eu Ac Sit</h3>\n<p>Felis per. Pretium dictum orci, sagittis justo, eget ut convallis. Condimentum vehicula eros habitasse ullamcorper lacus lobortis venenatis sit nonummy nisi odio sem magnis massa hendrerit magnis Dolor pellentesque. Aenean. Sed dictum odio orci conubia fermentum dignissim porttitor et vitae.</p>"},{"element":{"id":"4fb06fbc-5110-4de1-9a7d-12ce61ce13e0"},"value":[]}],"workflow_step":{"id":"c199950d-99f0-4983-b711-6c4c91624b22"},"item":{"id":"ba2b84cd-8e96-523a-9c6d-8e538a6cdcb9"},"language":{"id":"478cf34f-a7c6-4e45-9537-0d13cfea7d5e"},"last_modified":"2019-06-03T07:31:41.6665819Z"},{"elements":[{"element":{"id":"bb0d9ccb-b904-5680-89b9-1c1048c99154"},"value":"Aptent"},{"mode":"autogenerated","element":{"id":"c0585e91-ec8d-49e1-b05b-b3df82fa1035"},"value":"aptent"},{"element":{"id":"d2b02939-234e-49e6-a65c-5b33dff560a7"},"value":"2019-06-04T00:00:00Z"},{"element":{"id":"d25ee3cf-8a52-4648-9af4-ed0cbe5fe687"},"value":[{"id":"6108defd-e975-5c04-8ea7-135ce15742be"}]},{"element":{"id":"4a718c30-683f-45f2-ae76-74c908875da3"},"value":[{"id":"22b63f24-988e-5451-9c1e-d46a28d842bd"},{"id":"4e99115a-426b-55b6-9113-90840f7afd13"}]},{"components":[],"element":{"id":"1c397bb6-11f3-4b25-aad4-fcf45dd6ee77"},"value":"<h2>Nam non mattis</h2>\n<p>Nascetur tempus. Vivamus vel vestibulum ligula quam hendrerit integer facilisi molestie. Senectus duis ultricies placerat id magna tincidunt&nbsp;<em>elementum</em>&nbsp;habitasse elit nunc vitae. Nec. Blandit dapibus suscipit. Eu per enim. Nibh lacinia mauris. Torquent litora quis. Ridiculus justo.</p>\n<p>Dui iaculis tortor massa quisque scelerisque vivamus faucibus. Class imperdiet mauris purus suspendisse eget class. Nullam consectetuer feugiat nullam dapibus vel enim eleifend placerat amet parturient. Id nibh tincidunt litora.</p>\n<h3>Justo Fermentum Litora</h3>\n<p>Aenean vulputate arcu adipiscing et non metus. Dictumst orci&nbsp;<strong>mus</strong>&nbsp;volutpat lacinia porttitor&nbsp;<em>ac</em>&nbsp;class ac egestas sodales habitasse luctus praesent vestibulum. Euismod enim felis auctor, urna curae; malesuada bibendum aenean. Erat.</p>"},{"element":{"id":"b84d43bf-5eda-40ba-9f21-7a5242252ed3"},"value":"Nascetur tempus. Vivamus vel vestibulum ligula quam hendrerit integer facilisi molestie. Senectus duis ultricies placerat id magna tincidunt elementum habitasse elit nunc vitae. Nec. Blandit dapibus suscipit. Eu per enim. Nibh lacinia mauris. Torquent litora quis. Ridiculus justo."},{"element":{"id":"704de0f5-9e78-4dc5-af1b-644b1dffe3c1"},"value":[{"id":"86f73619-aa27-4366-8265-44c6dc5965f5"},{"id":"f12c2e1e-9de9-4162-8826-f46670d43db8"}]},{"element":{"id":"927d27eb-77bb-4a30-9cce-8ef44df31918"},"value":[{"id":"5241d85c-a7d8-47d6-922f-bf42d869b497"},{"id":"86658657-feed-47f6-befe-57d96c684061"}]},{"element":{"id":"b71f79b8-bda1-431c-bacf-d8e3a051fc40"},"value":[{"id":"b8f89b5f-e888-4577-b453-214d7f11ce7b"}]}],"workflow_step":{"id":"c199950d-99f0-4983-b711-6c4c91624b22"},"item":{"id":"1e4ba4ab-b031-564a-a1d2-1f6e02be693a"},"language":{"id":"00000000-0000-0000-0000-000000000000"},"last_modified":"2019-05-27T10:54:00.3070927Z"},{"elements":[{"element":{"id":"bb0d9ccb-b904-5680-89b9-1c1048c99154"},"value":"Tempor Luctus Imperdiet Massa Id Et"},{"mode":"autogenerated","element":{"id":"c0585e91-ec8d-49e1-b05b-b3df82fa1035"},"value":"tempor-luctus-imperdiet-massa-id-et"},{"element":{"id":"d2b02939-234e-49e6-a65c-5b33dff560a7"},"value":"2019-05-22T00:00:00Z"},{"element":{"id":"d25ee3cf-8a52-4648-9af4-ed0cbe5fe687"},"value":[{"id":"6cddfce2-0c33-50e3-b833-e31d1ce6b6fd"}]},{"element":{"id":"4a718c30-683f-45f2-ae76-74c908875da3"},"value":[{"id":"b4d49410-5906-5d5f-a461-93a464426a38"}]},{"components":[],"element":{"id":"1c397bb6-11f3-4b25-aad4-fcf45dd6ee77"},"value":"<h2>Ullamcorper Aliquet Posuere Lorem</h2>\n<p><em>Pede</em>&nbsp;mi quam parturient libero lacinia auctor magnis nunc vestibulum euismod imperdiet morbi praesent tristique Ullamcorper posuere&nbsp;<em>quis</em>&nbsp;tempus ipsum dolor dapibus morbi a nullam scelerisque nostra mi eget fames quam magna justo.</p>\n<p>Fermentum magna duis pharetra morbi aenean condimentum mus arcu&nbsp;<em>vel</em>vivamus lacus amet torquent dictum vivamus dolor Vivamus. Cursus&nbsp;<strong>ut</strong>&nbsp;turpis dictum nam Ac vitae. Sapien erat vehicula dictumst bibendum. Nonummy turpis mus.</p>\n<h3>A Consequat Malesuada</h3>\n<p>Dapibus vulputate, euismod&nbsp;<em>cubilia</em>&nbsp;feugiat condimentum&nbsp;<strong>orci</strong>&nbsp;lacus&nbsp;<em>id</em>&nbsp;parturient porta tincidunt pharetra interdum tempor. Volutpat ultrices accumsan sagittis torquent suscipit per, aliquet hendrerit mattis dui. Luctus ut adipiscing rutrum. Interdum sapien a facilisis.</p>"},{"element":{"id":"b84d43bf-5eda-40ba-9f21-7a5242252ed3"},"value":"Pede mi quam parturient libero lacinia auctor magnis nunc vestibulum euismod imperdiet morbi praesent tristique Ullamcorper posuere quis tempus ipsum dolor dapibus morbi a nullam scelerisque nostra mi eget fames quam magna justo."},{"element":{"id":"704de0f5-9e78-4dc5-af1b-644b1dffe3c1"},"value":[{"id":"86f73619-aa27-4366-8265-44c6dc5965f5"},{"id":"17f24ffe-64b1-4d8e-9ac7-878ae433da45"}]},{"element":{"id":"927d27eb-77bb-4a30-9cce-8ef44df31918"},"value":[{"id":"703f454b-fded-4571-b864-06ee85a1bbdf"}]},{"element":{"id":"b71f79b8-bda1-431c-bacf-d8e3a051fc40"},"value":[{"id":"b8f89b5f-e888-4577-b453-214d7f11ce7b"}]}],"workflow_step":{"id":"c199950d-99f0-4983-b711-6c4c91624b22"},"item":{"id":"2bf05f46-3420-5045-910f-13cdb011bcde"},"language":{"id":"00000000-0000-0000-0000-000000000000"},"last_modified":"2019-05-27T10:55:02.6716308Z"},{"elements":[{"element":{"id":"bb0d9ccb-b904-5680-89b9-1c1048c99154"},"value":"A Habitant Pharetra Phasellus Urna Facilisis"},{"mode":"autogenerated","element":{"id":"c0585e91-ec8d-49e1-b05b-b3df82fa1035"},"value":"a-habitant-pharetra-phasellus-urna-facilisis"},{"element":{"id":"d2b02939-234e-49e6-a65c-5b33dff560a7"},"value":"2019-07-17T00:00:00Z"},{"element":{"id":"d25ee3cf-8a52-4648-9af4-ed0cbe5fe687"},"value":[{"id":"a61d55a9-a369-5696-9554-a41312c99173"}]},{"element":{"id":"4a718c30-683f-45f2-ae76-74c908875da3"},"value":[{"id":"b4d49410-5906-5d5f-a461-93a464426a38"}]},{"components":[],"element":{"id":"1c397bb6-11f3-4b25-aad4-fcf45dd6ee77"},"value":"<h2>Erat Placerat Scelerisque Justo Quam Facilisi</h2>\n<p>Platea praesent. Justo arcu varius nostra est platea lacinia feugiat. Nullam euismod Dictum pretium dictum Sem tellus vitae bibendum. Ullamcorper&nbsp;<em>hendrerit</em>integer condimentum netus neque mauris.</p>\n<p>Platea mus parturient habitasse suscipit rutrum elit magnis aenean et dictum sed&nbsp;<em>auctor</em>&nbsp;vivamus pellentesque cubilia elementum rutrum eu nisi tincidunt, fermentum dapibus montes, urna. Turpis sollicitudin placerat tortor vestibulum pellentesque ante mollis facilisis scelerisque mauris. Sociosqu consequat imperdiet sociis erat elementum&nbsp;<em>imperdiet</em>&nbsp;platea lacus odio netus.</p>\n<p>Donec mollis. Cras hac aenean torquent. Etiam ullamcorper posuere sagittis eu Scelerisque cras. Curae; pulvinar rutrum dapibus mauris sagittis justo odio hac&nbsp;<strong>proin</strong>&nbsp;class sit placerat odio.</p>"},{"element":{"id":"b84d43bf-5eda-40ba-9f21-7a5242252ed3"},"value":"Platea praesent. Justo arcu varius nostra est platea lacinia feugiat. Nullam euismod Dictum pretium dictum Sem tellus vitae bibendum. Ullamcorper hendreritinteger condimentum netus neque mauris."},{"element":{"id":"704de0f5-9e78-4dc5-af1b-644b1dffe3c1"},"value":[{"id":"17f24ffe-64b1-4d8e-9ac7-878ae433da45"}]},{"element":{"id":"927d27eb-77bb-4a30-9cce-8ef44df31918"},"value":[{"id":"86658657-feed-47f6-befe-57d96c684061"}]},{"element":{"id":"b71f79b8-bda1-431c-bacf-d8e3a051fc40"},"value":[{"id":"b8f89b5f-e888-4577-b453-214d7f11ce7b"}]}],"workflow_step":{"id":"c199950d-99f0-4983-b711-6c4c91624b22"},"item":{"id":"40d8ca55-5ec9-5f63-b723-1a9a3ed966db"},"language":{"id":"00000000-0000-0000-0000-000000000000"},"last_modified":"2019-05-27T10:39:58.5212108Z"},{"elements":[{"element":{"id":"bb0d9ccb-b904-5680-89b9-1c1048c99154"},"value":"Parturient Convallis Nisi Rhoncus Urna"},{"mode":"autogenerated","element":{"id":"c0585e91-ec8d-49e1-b05b-b3df82fa1035"},"value":"parturient-convallis-nisi-rhoncus-urna"},{"element":{"id":"d2b02939-234e-49e6-a65c-5b33dff560a7"},"value":"2019-05-08T00:00:00Z"},{"element":{"id":"d25ee3cf-8a52-4648-9af4-ed0cbe5fe687"},"value":[{"id":"d1e32e87-8703-5418-acfa-56358f05aff8"}]},{"element":{"id":"4a718c30-683f-45f2-ae76-74c908875da3"},"value":[{"id":"717b98cf-af4f-5c42-9b6e-83a60f5b4a7f"},{"id":"22b63f24-988e-5451-9c1e-d46a28d842bd"}]},{"components":[],"element":{"id":"1c397bb6-11f3-4b25-aad4-fcf45dd6ee77"},"value":"<h2>Posuere Senectus</h2>\n<p>Nascetur cum ullamcorper lorem suspendisse per risus. Nulla pulvinar nulla penatibus&nbsp;<strong>maecenas</strong>&nbsp;per tristique cras molestie dignissim venenatis nullam Inceptos viverra aliquet varius senectus. In vitae at proin.</p>\n<h3>Quisque Pretium Fames Neque Aliquam Inceptos</h3>\n<p>Risus aenean&nbsp;<em>quam</em>&nbsp;orci augue sed. Duis mauris sem integer ultrices. Nec ut ad lorem dis varius libero iaculis lacinia laoreet odio pulvinar venenatis curabitur elementum varius nec purus.&nbsp;<em>Pharetra</em>&nbsp;fusce mauris.</p>\n<p>Id convallis ut fermentum mollis convallis ac massa enim.&nbsp;<em>Curabitur</em>&nbsp;rhoncus egestas turpis lacus. Potenti congue venenatis. Est vivamus inceptos a bibendum a felis placerat vehicula pulvinar ornare magnis malesuada curabitur pretium nunc. Semper erat scelerisque facilisi. Malesuada faucibus cras.</p>"},{"element":{"id":"b84d43bf-5eda-40ba-9f21-7a5242252ed3"},"value":"Nascetur cum ullamcorper lorem suspendisse per risus. Nulla pulvinar nulla penatibus maecenas per tristique cras molestie dignissim venenatis nullam Inceptos viverra aliquet varius senectus. In vitae at proin."},{"element":{"id":"704de0f5-9e78-4dc5-af1b-644b1dffe3c1"},"value":[{"id":"f12c2e1e-9de9-4162-8826-f46670d43db8"}]},{"element":{"id":"927d27eb-77bb-4a30-9cce-8ef44df31918"},"value":[{"id":"703f454b-fded-4571-b864-06ee85a1bbdf"},{"id":"67bdbd09-4b68-4824-90e2-7424182ab0f0"}]},{"element":{"id":"b71f79b8-bda1-431c-bacf-d8e3a051fc40"},"value":[{"id":"b8f89b5f-e888-4577-b453-214d7f11ce7b"}]}],"workflow_step":{"id":"c199950d-99f0-4983-b711-6c4c91624b22"},"item":{"id":"ab4a77a4-7666-5e3f-b969-a1df7fa25dcf"},"language":{"id":"00000000-0000-0000-0000-000000000000"},"last_modified":"2019-05-27T10:54:54.7509518Z"},{"elements":[{"element":{"id":"bb0d9ccb-b904-5680-89b9-1c1048c99154"},"value":"Facilisi"},{"mode":"autogenerated","element":{"id":"c0585e91-ec8d-49e1-b05b-b3df82fa1035"},"value":"facilisi"},{"element":{"id":"d2b02939-234e-49e6-a65c-5b33dff560a7"},"value":"2019-09-12T00:00:00Z"},{"element":{"id":"d25ee3cf-8a52-4648-9af4-ed0cbe5fe687"},"value":[{"id":"ba6bd7b6-3ed4-5a82-8a27-20ce0d1a8ad3"}]},{"element":{"id":"4a718c30-683f-45f2-ae76-74c908875da3"},"value":[{"id":"b4d49410-5906-5d5f-a461-93a464426a38"}]},{"components":[],"element":{"id":"1c397bb6-11f3-4b25-aad4-fcf45dd6ee77"},"value":"<h2>Enim Per Eros Natoque Proin Fames Libero Habitant</h2>\n<p>Habitasse non scelerisque neque class aenean purus egestas duis bibendum commodo Fringilla ante suspendisse magna tincidunt. Platea pharetra Facilisi suscipit Habitant. Per Ipsum quisque proin accumsan sollicitudin ultricies. Fames. Ante ad enim ac viverra eros ut maecenas scelerisque aptent class, venenatis iaculis&nbsp;<strong>convallis</strong>&nbsp;sociosqu commodo.</p>\n<p>Litora torquent class blandit per sociis leo nibh integer odio. Pede sit sodales sagittis netus. Primis donec aliquet. Dictum hendrerit lorem purus vitae habitasse volutpat. Rutrum id nisi&nbsp;<em>ipsum</em>&nbsp;sollicitudin tempus ligula facilisis sociis at.</p>\n<p>Arcu auctor volutpat dolor vivamus. Elementum sociosqu. Malesuada&nbsp;<strong>ad</strong>&nbsp;leo purus, vestibulum. Blandit. Morbi eget ad curabitur diam in lectus.</p>"},{"element":{"id":"b84d43bf-5eda-40ba-9f21-7a5242252ed3"},"value":"Habitasse non scelerisque neque class aenean purus egestas duis bibendum commodo Fringilla ante suspendisse magna tincidunt. Platea pharetra Facilisi suscipit Habitant. Per Ipsum quisque proin accumsan sollicitudin ultricies."},{"element":{"id":"704de0f5-9e78-4dc5-af1b-644b1dffe3c1"},"value":[{"id":"86f73619-aa27-4366-8265-44c6dc5965f5"}]},{"element":{"id":"927d27eb-77bb-4a30-9cce-8ef44df31918"},"value":[{"id":"5f6847bb-7a98-4dbf-925f-a045c0f6a314"},{"id":"5241d85c-a7d8-47d6-922f-bf42d869b497"}]},{"element":{"id":"b71f79b8-bda1-431c-bacf-d8e3a051fc40"},"value":[{"id":"b8f89b5f-e888-4577-b453-214d7f11ce7b"}]}],"workflow_step":{"id":"c199950d-99f0-4983-b711-6c4c91624b22"},"item":{"id":"d3e5d8bf-b5e6-57b7-b640-0c67bb5eda9a"},"language":{"id":"00000000-0000-0000-0000-000000000000"},"last_modified":"2019-05-27T10:40:27.3474595Z"},{"elements":[{"element":{"id":"bb0d9ccb-b904-5680-89b9-1c1048c99154"},"value":"Etiam vel placerat eros"},{"mode":"autogenerated","element":{"id":"c0585e91-ec8d-49e1-b05b-b3df82fa1035"},"value":"etiam-vel-placerat-eros"},{"element":{"id":"d2b02939-234e-49e6-a65c-5b33dff560a7"},"value":"2019-07-08T00:00:00Z"},{"element":{"id":"d25ee3cf-8a52-4648-9af4-ed0cbe5fe687"},"value":[{"id":"d67ac91c-6140-57c7-be0a-c20cdab9c746"}]},{"element":{"id":"4a718c30-683f-45f2-ae76-74c908875da3"},"value":[{"id":"25aa88ae-f1ae-57b7-b1e9-16b82640f5c9"}]},{"components":[],"element":{"id":"1c397bb6-11f3-4b25-aad4-fcf45dd6ee77"},"value":"<h2>Morbi Ad Ipsum</h2>\n<p>At elementum vestibulum sapien netus hac semper egestas. Nam nulla&nbsp;<em>faucibus</em>etiam, senectus eros etiam urna luctus curabitur erat rhoncus posuere duis eu faucibus tristique volutpat erat&nbsp;<em>odio</em>&nbsp;senectus.</p>\n<p>Sociosqu suscipit ultrices aptent, metus nullam cum libero, curae; ad magnis aliquet molestie nibh curabitur, ad nisi vestibulum semper nulla. Pellentesque libero egestas, bibendum purus cum aenean nibh tristique at feugiat netus. Conubia faucibus. Nascetur platea placerat per&nbsp;<strong>tortor</strong>&nbsp;nonummy.</p>\n<h3>Parturient Vel</h3>\n<p>Rhoncus eros sapien. Lacus mus nonummy mollis etiam aenean pede consectetuer laoreet erat eros sollicitudin sollicitudin adipiscing est pellentesque. Penatibus. Consectetuer iaculis cras massa eros vulputate neque leo habitasse neque nullam.</p>"},{"element":{"id":"b84d43bf-5eda-40ba-9f21-7a5242252ed3"},"value":"At elementum vestibulum sapien netus hac semper egestas. Nam nulla faucibusetiam, senectus eros etiam urna luctus curabitur erat rhoncus posuere duis eu faucibus tristique volutpat erat odio senectus."},{"element":{"id":"704de0f5-9e78-4dc5-af1b-644b1dffe3c1"},"value":[{"id":"17f24ffe-64b1-4d8e-9ac7-878ae433da45"},{"id":"f12c2e1e-9de9-4162-8826-f46670d43db8"}]},{"element":{"id":"927d27eb-77bb-4a30-9cce-8ef44df31918"},"value":[{"id":"86658657-feed-47f6-befe-57d96c684061"},{"id":"67bdbd09-4b68-4824-90e2-7424182ab0f0"}]},{"element":{"id":"b71f79b8-bda1-431c-bacf-d8e3a051fc40"},"value":[{"id":"b8f89b5f-e888-4577-b453-214d7f11ce7b"}]}],"workflow_step":{"id":"c199950d-99f0-4983-b711-6c4c91624b22"},"item":{"id":"da1d79a3-e886-5ba4-80f7-0faed389864f"},"language":{"id":"00000000-0000-0000-0000-000000000000"},"last_modified":"2019-05-27T10:57:50.8777381Z"},{"elements":[{"element":{"id":"bb0d9ccb-b904-5680-89b9-1c1048c99154"},"value":"A Habitant Pharetra Phasellus Urna Facilisis"},{"mode":"autogenerated","element":{"id":"c0585e91-ec8d-49e1-b05b-b3df82fa1035"},"value":"a-habitant-pharetra-phasellus-urna-facilisis"},{"element":{"id":"d2b02939-234e-49e6-a65c-5b33dff560a7"},"value":"2019-07-17T00:00:00Z"},{"element":{"id":"d25ee3cf-8a52-4648-9af4-ed0cbe5fe687"},"value":[{"id":"a61d55a9-a369-5696-9554-a41312c99173"}]},{"element":{"id":"4a718c30-683f-45f2-ae76-74c908875da3"},"value":[{"id":"b4d49410-5906-5d5f-a461-93a464426a38"}]},{"components":[],"element":{"id":"1c397bb6-11f3-4b25-aad4-fcf45dd6ee77"},"value":"<h2>At Porttitor Dui Nisl Condimentum Natoque Morbi Nulla</h2>\n<p>Libero. Purus lacinia etiam leo natoque cras velit. Vivamus hendrerit leo hendrerit diam lobortis nec sodales suscipit conubia tellus <em>tortor</em> hendrerit maecenas mattis vulputate cursus cras sollicitudin inceptos mus eget vulputate elementum vivamus molestie suspendisse enim <strong>volutpat</strong> at tellus ornare ad senectus.</p>\n<p>Dui sed euismod vestibulum litora varius odio eleifend primis varius conubia eu molestie sit <strong>lobortis</strong> rutrum nunc vestibulum nisi cubilia curabitur feugiat vestibulum etiam eu felis.</p>\n<h3>Suscipit Aenean Vulputate</h3>\n<p>Id amet molestie sagittis eget. Erat platea potenti. Nullam consequat velit dui. Urna tempus pharetra, phasellus erat Ligula congue lobortis nisl amet justo. Magna primis. Metus taciti luctus maecenas nam amet placerat.</p>"},{"element":{"id":"b84d43bf-5eda-40ba-9f21-7a5242252ed3"},"value":"Praesent neque felis dui commodo. Primis gravida vestibulum feugiat aptent habitant, semper torquent laoreet felis molestie tellus nec est iaculis per aliquam ipsum augue Nascetur accumsan tellus nascetur curabitur mi."},{"element":{"id":"704de0f5-9e78-4dc5-af1b-644b1dffe3c1"},"value":[{"id":"17f24ffe-64b1-4d8e-9ac7-878ae433da45"}]},{"element":{"id":"927d27eb-77bb-4a30-9cce-8ef44df31918"},"value":[{"id":"86658657-feed-47f6-befe-57d96c684061"}]},{"element":{"id":"b71f79b8-bda1-431c-bacf-d8e3a051fc40"},"value":[{"id":"b8f89b5f-e888-4577-b453-214d7f11ce7b"}]}],"workflow_step":{"id":"c199950d-99f0-4983-b711-6c4c91624b22"},"item":{"id":"40d8ca55-5ec9-5f63-b723-1a9a3ed966db"},"language":{"id":"478cf34f-a7c6-4e45-9537-0d13cfea7d5e"},"last_modified":"2019-06-03T07:35:09.18507Z"},{"elements":[{"element":{"id":"bb0d9ccb-b904-5680-89b9-1c1048c99154"},"value":"Aptent"},{"mode":"autogenerated","element":{"id":"c0585e91-ec8d-49e1-b05b-b3df82fa1035"},"value":"aptent"},{"element":{"id":"d2b02939-234e-49e6-a65c-5b33dff560a7"},"value":"2019-06-04T00:00:00Z"},{"element":{"id":"d25ee3cf-8a52-4648-9af4-ed0cbe5fe687"},"value":[{"id":"6108defd-e975-5c04-8ea7-135ce15742be"}]},{"element":{"id":"4a718c30-683f-45f2-ae76-74c908875da3"},"value":[{"id":"22b63f24-988e-5451-9c1e-d46a28d842bd"},{"id":"4e99115a-426b-55b6-9113-90840f7afd13"}]},{"components":[],"element":{"id":"1c397bb6-11f3-4b25-aad4-fcf45dd6ee77"},"value":"<h2>Quis Ridiculus Nonummy Per Mus Venenatis Viverra</h2>\n<h3>Vivamus Libero Imperdiet</h3>\n<p>Laoreet inceptos nam facilisi hendrerit dictum nibh cras dolor cursus. Nisi lorem sollicitudin dui primis sociosqu eleifend lobortis <em>magnis</em> velit luctus.</p>\n<p>Ultrices scelerisque libero parturient montes id metus nibh arcu tempus penatibus gravida lobortis etiam at ultrices, parturient id. Nonummy vulputate cras pulvinar nulla sem vestibulum, mus potenti dignissim.</p>\n<p>Ornare libero tempor adipiscing ipsum erat donec pharetra turpis tempus sapien vehicula nisi sem lacus duis neque hac platea nulla dis <em>nascetur</em> felis etiam. Netus lobortis dictumst maecenas. Leo aptent posuere aenean tellus molestie ultrices <em>interdum</em> pretium sociis et fringilla pede dapibus. Lacinia. Inceptos pretium nonummy enim venenatis. Torquent taciti lacus.</p>"},{"element":{"id":"b84d43bf-5eda-40ba-9f21-7a5242252ed3"},"value":"Elit ridiculus cursus mattis, at sem consequat quisque. Augue ultrices leo risus facilisis condimentum molestie dapibus taciti viverra, ante integer volutpat nullam sociis ipsum turpis egestas platea faucibus fames sagittis."},{"element":{"id":"704de0f5-9e78-4dc5-af1b-644b1dffe3c1"},"value":[{"id":"86f73619-aa27-4366-8265-44c6dc5965f5"},{"id":"f12c2e1e-9de9-4162-8826-f46670d43db8"}]},{"element":{"id":"927d27eb-77bb-4a30-9cce-8ef44df31918"},"value":[{"id":"5241d85c-a7d8-47d6-922f-bf42d869b497"},{"id":"86658657-feed-47f6-befe-57d96c684061"}]},{"element":{"id":"b71f79b8-bda1-431c-bacf-d8e3a051fc40"},"value":[{"id":"b8f89b5f-e888-4577-b453-214d7f11ce7b"}]}],"workflow_step":{"id":"c199950d-99f0-4983-b711-6c4c91624b22"},"item":{"id":"1e4ba4ab-b031-564a-a1d2-1f6e02be693a"},"language":{"id":"478cf34f-a7c6-4e45-9537-0d13cfea7d5e"},"last_modified":"2019-06-03T07:35:21.8116171Z"},{"elements":[{"element":{"id":"bb0d9ccb-b904-5680-89b9-1c1048c99154"},"value":"Etiam vel placerat eros"},{"mode":"autogenerated","element":{"id":"c0585e91-ec8d-49e1-b05b-b3df82fa1035"},"value":"etiam-vel-placerat-eros"},{"element":{"id":"d2b02939-234e-49e6-a65c-5b33dff560a7"},"value":"2019-07-08T00:00:00Z"},{"element":{"id":"d25ee3cf-8a52-4648-9af4-ed0cbe5fe687"},"value":[{"id":"d67ac91c-6140-57c7-be0a-c20cdab9c746"}]},{"element":{"id":"4a718c30-683f-45f2-ae76-74c908875da3"},"value":[{"id":"25aa88ae-f1ae-57b7-b1e9-16b82640f5c9"}]},{"components":[],"element":{"id":"1c397bb6-11f3-4b25-aad4-fcf45dd6ee77"},"value":"<h2>Curabitur Augue Vitae Phasellus Duis Pretium</h2>\n<h3>Integer Viverra Aptent</h3>\n<p>Nunc tristique condimentum congue fermentum magnis nonummy augue fames dolor ullamcorper varius sit, cubilia montes nostra cum maecenas primis curabitur porta. Lobortis hymenaeos class hac, integer ultrices.</p>\n<p>Euismod suscipit. Quis ornare metus commodo proin facilisi habitant nisl purus consequat <strong>mollis</strong> cubilia, sodales pede metus diam egestas suspendisse faucibus penatibus posuere ultricies vehicula aptent dapibus vitae porttitor risus semper nulla aenean ornare sodales dis.</p>\n<h3>Odio</h3>\n<p>Duis Erat lorem. Aenean. Posuere mus adipiscing ligula mauris gravida donec platea <em>dolor</em> sapien <strong>netus</strong> dignissim rutrum scelerisque cubilia est Tellus, enim dis ante aliquet lobortis vel <strong>senectus</strong> consequat fames quis odio inceptos vitae primis torquent. Risus.</p>"},{"element":{"id":"b84d43bf-5eda-40ba-9f21-7a5242252ed3"},"value":"Libero sem ultricies tristique commodo parturient. Platea. Cras, facilisi pulvinar litora commodo Iaculis inceptos sodales. Facilisi libero. Dis pretium semper vivamus facilisis neque viverra primis curae; est blandit ridiculus aenean."},{"element":{"id":"704de0f5-9e78-4dc5-af1b-644b1dffe3c1"},"value":[{"id":"f12c2e1e-9de9-4162-8826-f46670d43db8"},{"id":"17f24ffe-64b1-4d8e-9ac7-878ae433da45"}]},{"element":{"id":"927d27eb-77bb-4a30-9cce-8ef44df31918"},"value":[{"id":"86658657-feed-47f6-befe-57d96c684061"},{"id":"67bdbd09-4b68-4824-90e2-7424182ab0f0"}]},{"element":{"id":"b71f79b8-bda1-431c-bacf-d8e3a051fc40"},"value":[{"id":"b8f89b5f-e888-4577-b453-214d7f11ce7b"}]}],"workflow_step":{"id":"c199950d-99f0-4983-b711-6c4c91624b22"},"item":{"id":"da1d79a3-e886-5ba4-80f7-0faed389864f"},"language":{"id":"478cf34f-a7c6-4e45-9537-0d13cfea7d5e"},"last_modified":"2019-06-03T07:35:52.4805515Z"},{"elements":[{"element":{"id":"bb0d9ccb-b904-5680-89b9-1c1048c99154"},"value":"Facilisi"},{"mode":"autogenerated","element":{"id":"c0585e91-ec8d-49e1-b05b-b3df82fa1035"},"value":"facilisi"},{"element":{"id":"d2b02939-234e-49e6-a65c-5b33dff560a7"},"value":"2019-09-12T00:00:00Z"},{"element":{"id":"d25ee3cf-8a52-4648-9af4-ed0cbe5fe687"},"value":[{"id":"ba6bd7b6-3ed4-5a82-8a27-20ce0d1a8ad3"}]},{"element":{"id":"4a718c30-683f-45f2-ae76-74c908875da3"},"value":[{"id":"b4d49410-5906-5d5f-a461-93a464426a38"}]},{"components":[],"element":{"id":"1c397bb6-11f3-4b25-aad4-fcf45dd6ee77"},"value":"<h2>Lacinia Consequat Lectus In Urna Volutpat Nec</h2>\n<p>Viverra. Malesuada imperdiet sodales cubilia maecenas sit etiam rutrum sagittis. Mattis porttitor phasellus accumsan arcu at dignissim <em>magnis</em> commodo odio nisi Magna libero quisque mauris. Id posuere integer imperdiet dictumst lectus. Non ipsum luctus litora posuere taciti integer proin sapien dignissim cras lectus, hymenaeos porttitor dui.</p>\n<h3>Primis Convallis Volutpat Nunc Ut</h3>\n<p>Facilisi class tellus quam inceptos congue fringilla justo sociosqu lacus dignissim mollis tincidunt Faucibus ac urna blandit euismod praesent mus neque consectetuer adipiscing, tempus nisl. Vulputate. Sociis vulputate nec cum accumsan luctus neque sociis netus pharetra tortor leo ornare.</p>\n<p>Tempor senectus vestibulum pellentesque diam nam non platea ornare nonummy. Suscipit feugiat cras nostra. Lacinia.</p>"},{"element":{"id":"b84d43bf-5eda-40ba-9f21-7a5242252ed3"},"value":"Donec felis eros tortor cursus habitasse adipiscing diam sapien fusce sollicitudin, integer interdum cubilia tortor sit nec posuere elit turpis mus vel. Neque rhoncus tincidunt malesuada sed neque, ante In."},{"element":{"id":"704de0f5-9e78-4dc5-af1b-644b1dffe3c1"},"value":[{"id":"86f73619-aa27-4366-8265-44c6dc5965f5"}]},{"element":{"id":"927d27eb-77bb-4a30-9cce-8ef44df31918"},"value":[{"id":"5f6847bb-7a98-4dbf-925f-a045c0f6a314"},{"id":"5241d85c-a7d8-47d6-922f-bf42d869b497"}]},{"element":{"id":"b71f79b8-bda1-431c-bacf-d8e3a051fc40"},"value":[{"id":"b8f89b5f-e888-4577-b453-214d7f11ce7b"}]}],"workflow_step":{"id":"c199950d-99f0-4983-b711-6c4c91624b22"},"item":{"id":"d3e5d8bf-b5e6-57b7-b640-0c67bb5eda9a"},"language":{"id":"478cf34f-a7c6-4e45-9537-0d13cfea7d5e"},"last_modified":"2019-06-03T07:36:03.8131362Z"},{"elements":[{"element":{"id":"bb0d9ccb-b904-5680-89b9-1c1048c99154"},"value":"Parturient Convallis Nisi Rhoncus Urna"},{"mode":"autogenerated","element":{"id":"c0585e91-ec8d-49e1-b05b-b3df82fa1035"},"value":"parturient-convallis-nisi-rhoncus-urna"},{"element":{"id":"d2b02939-234e-49e6-a65c-5b33dff560a7"},"value":"2019-05-08T00:00:00Z"},{"element":{"id":"d25ee3cf-8a52-4648-9af4-ed0cbe5fe687"},"value":[{"id":"d1e32e87-8703-5418-acfa-56358f05aff8"}]},{"element":{"id":"4a718c30-683f-45f2-ae76-74c908875da3"},"value":[{"id":"717b98cf-af4f-5c42-9b6e-83a60f5b4a7f"},{"id":"22b63f24-988e-5451-9c1e-d46a28d842bd"}]},{"components":[],"element":{"id":"1c397bb6-11f3-4b25-aad4-fcf45dd6ee77"},"value":"<h2>Sodales Morbi Ornare Cum Accumsan Scelerisque Libero</h2>\n<h3>Commodo At Condimentum</h3>\n<p>Maecenas aenean nullam scelerisque nisi phasellus sagittis euismod consectetuer eget justo pulvinar nisl est vivamus <em>phasellus</em> pulvinar habitasse ac sapien at sagittis magna.</p>\n<h3>Convallis Porta Neque Sit Ut Turpis In Ante</h3>\n<p>Elementum libero orci. Morbi <em>turpis</em> est proin <em>auctor</em> dictumst vestibulum pharetra amet aptent, aliquet tempus sociis. Integer molestie parturient aliquet sapien Integer fringilla. Vivamus in. Sit. Pretium scelerisque quisque nullam dignissim. Nonummy euismod mollis cum accumsan. Praesent mus maecenas Sed adipiscing varius nisi Blandit sapien eleifend.</p>\n<p>Id urna, ligula, nostra lectus class vehicula. Ultrices velit. In donec felis urna convallis lacus habitant est dictumst habitant bibendum vivamus molestie in hymenaeos imperdiet viverra varius. Neque natoque aliquet proin.</p>"},{"element":{"id":"b84d43bf-5eda-40ba-9f21-7a5242252ed3"},"value":"Elementum pulvinar nisi enim tempor. Malesuada inceptos sodales bibendum cras volutpat tristique pulvinar montes Magna pede, condimentum est rhoncus elementum metus pulvinar felis, commodo. Vestibulum diam neque convallis dapibus suscipit."},{"element":{"id":"704de0f5-9e78-4dc5-af1b-644b1dffe3c1"},"value":[{"id":"f12c2e1e-9de9-4162-8826-f46670d43db8"}]},{"element":{"id":"927d27eb-77bb-4a30-9cce-8ef44df31918"},"value":[{"id":"703f454b-fded-4571-b864-06ee85a1bbdf"},{"id":"67bdbd09-4b68-4824-90e2-7424182ab0f0"}]},{"element":{"id":"b71f79b8-bda1-431c-bacf-d8e3a051fc40"},"value":[{"id":"b8f89b5f-e888-4577-b453-214d7f11ce7b"}]}],"workflow_step":{"id":"c199950d-99f0-4983-b711-6c4c91624b22"},"item":{"id":"ab4a77a4-7666-5e3f-b969-a1df7fa25dcf"},"language":{"id":"478cf34f-a7c6-4e45-9537-0d13cfea7d5e"},"last_modified":"2019-06-03T07:36:16.039358Z"},{"elements":[{"element":{"id":"bb0d9ccb-b904-5680-89b9-1c1048c99154"},"value":"Tempor Luctus Imperdiet Massa Id Et"},{"mode":"autogenerated","element":{"id":"c0585e91-ec8d-49e1-b05b-b3df82fa1035"},"value":"tempor-luctus-imperdiet-massa-id-et"},{"element":{"id":"d2b02939-234e-49e6-a65c-5b33dff560a7"},"value":"2019-05-22T00:00:00Z"},{"element":{"id":"d25ee3cf-8a52-4648-9af4-ed0cbe5fe687"},"value":[{"id":"6cddfce2-0c33-50e3-b833-e31d1ce6b6fd"}]},{"element":{"id":"4a718c30-683f-45f2-ae76-74c908875da3"},"value":[{"id":"b4d49410-5906-5d5f-a461-93a464426a38"}]},{"components":[],"element":{"id":"1c397bb6-11f3-4b25-aad4-fcf45dd6ee77"},"value":"<h2>Vehicula Varius Etiam Vitae Sapien</h2>\n<h3>Massa Nostra Posuere Massa</h3>\n<p>Quis dapibus euismod magna massa natoque lacus pede magna elit <strong>Penatibus</strong>non molestie. Ipsum a urna. Elit, eget sapien dapibus fames mollis dapibus quam massa libero, magna vivamus maecenas Metus. Quis ac venenatis nec torquent convallis.</p>\n<p>Ante nonummy lacinia. Cubilia sem dis curabitur molestie sodales erat maecenas cras quam Sollicitudin eu eleifend sodales conubia. <strong>Vestibulum</strong> aliquet Sagittis sociosqu sociis volutpat adipiscing. Orci lacinia venenatis purus. Vulputate placerat. Urna habitant sociis cursus consequat auctor sodales sem faucibus <em>vitae</em> cum.</p>\n<p>Libero maecenas. Vulputate nibh. Neque. Fames. Eros. Nisi turpis erat rutrum. Sociosqu amet fermentum Class donec fermentum purus dui id sociosqu elit.</p>"},{"element":{"id":"b84d43bf-5eda-40ba-9f21-7a5242252ed3"},"value":"Semper cursus diam Nam urna sodales felis, in penatibus natoque. A viverra. Pulvinar iaculis vivamus ridiculus cras dictum in donec nostra, est vel nulla nulla, nisl lacus vehicula quam lectus."},{"element":{"id":"704de0f5-9e78-4dc5-af1b-644b1dffe3c1"},"value":[{"id":"86f73619-aa27-4366-8265-44c6dc5965f5"},{"id":"17f24ffe-64b1-4d8e-9ac7-878ae433da45"}]},{"element":{"id":"927d27eb-77bb-4a30-9cce-8ef44df31918"},"value":[{"id":"703f454b-fded-4571-b864-06ee85a1bbdf"}]},{"element":{"id":"b71f79b8-bda1-431c-bacf-d8e3a051fc40"},"value":[{"id":"b8f89b5f-e888-4577-b453-214d7f11ce7b"}]}],"workflow_step":{"id":"c199950d-99f0-4983-b711-6c4c91624b22"},"item":{"id":"2bf05f46-3420-5045-910f-13cdb011bcde"},"language":{"id":"478cf34f-a7c6-4e45-9537-0d13cfea7d5e"},"last_modified":"2019-06-03T07:36:27.5907422Z"}]