[{"last_modified":"2019-04-25T19:58:39.0074197Z","id":"9b8ce016-d965-4229-9890-2a5b1d5352e3","name":"Post categories","codename":"post_categories","terms":[{"id":"86f73619-aa27-4366-8265-44c6dc5965f5","name":"Facilisi delenit","codename":"facilisi_delenit","terms":[]},{"id":"f12c2e1e-9de9-4162-8826-f46670d43db8","name":"Sed amet","codename":"sed_amet","terms":[]},{"id":"17f24ffe-64b1-4d8e-9ac7-878ae433da45","name":"Magna et","codename":"magna_et","terms":[]}]},{"last_modified":"2019-04-25T19:58:38.4917732Z","id":"26cc421d-3009-431b-8b93-ec79d2d332ce","name":"Post tags","codename":"post_tags","terms":[{"id":"5f6847bb-7a98-4dbf-925f-a045c0f6a314","name":"Lorem","codename":"lorem","terms":[]},{"id":"5241d85c-a7d8-47d6-922f-bf42d869b497","name":"Elitr","codename":"elitr","terms":[]},{"id":"703f454b-fded-4571-b864-06ee85a1bbdf","name":"Diam","codename":"diam","terms":[]},{"id":"86658657-feed-47f6-befe-57d96c684061","name":"Eos","codename":"eos","terms":[]},{"id":"67bdbd09-4b68-4824-90e2-7424182ab0f0","name":"Consequat","codename":"consequat","terms":[]}]},{"last_modified":"2019-05-24T14:53:37.6489057Z","id":"37dae20f-38b5-49d3-8ae4-3f0346df8e81","name":"Site content","codename":"site_content","terms":[{"id":"b8f89b5f-e888-4577-b453-214d7f11ce7b","name":"Posts","codename":"posts","terms":[]},{"id":"04e4186f-3f22-4635-abaf-fb00b7d315f6","name":"Authors","codename":"authors","terms":[]}]}]